study,result,gender
勉強した,不合格,男性
勉強した,合格,男性
勉強しなかった,不合格,男性
勉強しなかった,不合格,男性
勉強しなかった,合格,女性
勉強しなかった,不合格,女性
勉強した,不合格,男性
勉強しなかった,不合格,男性
勉強した,不合格,男性
勉強しなかった,不合格,女性
勉強した,合格,男性
勉強した,不合格,女性
勉強しなかった,不合格,女性
勉強しなかった,合格,女性
勉強した,合格,男性
勉強した,不合格,男性
勉強した,不合格,男性
勉強した,不合格,男性
勉強した,合格,男性
勉強した,不合格,男性
勉強した,不合格,男性
勉強した,合格,女性
勉強した,不合格,男性
勉強した,不合格,男性
勉強した,不合格,男性
勉強した,不合格,男性
勉強した,不合格,男性
勉強しなかった,合格,男性
勉強した,不合格,男性
勉強した,不合格,男性
勉強した,不合格,男性
勉強した,不合格,男性
勉強しなかった,合格,女性
勉強した,合格,男性
勉強した,合格,男性
勉強した,合格,男性
勉強した,不合格,男性
勉強した,不合格,男性
勉強した,合格,男性
勉強した,不合格,男性
勉強した,不合格,男性
勉強しなかった,不合格,女性
勉強した,合格,男性
勉強した,合格,男性
勉強した,合格,男性
勉強しなかった,不合格,女性
勉強した,不合格,男性
勉強した,合格,男性
勉強した,不合格,男性
勉強した,不合格,男性
勉強しなかった,不合格,女性
勉強した,不合格,男性
勉強した,合格,男性
勉強した,不合格,男性
勉強しなかった,不合格,男性
勉強した,不合格,女性
勉強しなかった,合格,女性
勉強した,不合格,男性
勉強しなかった,不合格,女性
勉強しなかった,不合格,女性
勉強した,不合格,男性
勉強しなかった,合格,女性
勉強した,不合格,男性
勉強しなかった,合格,女性
勉強しなかった,合格,女性
勉強した,合格,男性
勉強した,不合格,男性
勉強しなかった,不合格,女性
勉強しなかった,合格,女性
勉強した,不合格,男性
勉強した,不合格,男性
勉強した,不合格,男性
勉強した,不合格,男性
勉強した,不合格,男性
勉強した,不合格,男性
勉強した,合格,男性
勉強しなかった,不合格,女性
勉強しなかった,不合格,女性
勉強した,不合格,男性
勉強しなかった,合格,女性
勉強した,合格,男性
勉強した,不合格,男性
勉強しなかった,合格,女性
勉強しなかった,不合格,女性
勉強した,不合格,男性
勉強した,合格,男性
勉強した,不合格,男性
勉強した,合格,男性
勉強しなかった,合格,女性
勉強した,合格,男性
勉強した,合格,男性
勉強した,合格,男性
勉強した,不合格,男性
勉強した,不合格,男性
勉強した,不合格,男性
勉強した,合格,男性
勉強した,不合格,男性
勉強した,不合格,男性
勉強した,不合格,男性
勉強した,合格,男性
勉強した,不合格,男性
勉強した,不合格,男性
勉強した,不合格,男性
勉強しなかった,合格,女性
勉強した,合格,男性
勉強しなかった,不合格,女性
勉強した,合格,男性
勉強した,不合格,男性
勉強した,不合格,男性
勉強した,合格,男性
勉強した,不合格,男性
勉強した,不合格,男性
勉強しなかった,合格,女性
勉強しなかった,不合格,女性
勉強した,不合格,男性
勉強した,不合格,男性
勉強しなかった,不合格,女性
勉強した,合格,男性
勉強した,合格,男性
勉強した,合格,男性
勉強した,不合格,男性
勉強した,不合格,男性
勉強した,不合格,男性
勉強しなかった,合格,女性
勉強しなかった,不合格,女性
勉強しなかった,合格,女性
勉強した,不合格,男性
勉強した,不合格,男性
勉強した,不合格,男性
勉強しなかった,不合格,男性
勉強した,合格,男性
勉強した,不合格,男性
勉強した,不合格,男性
勉強した,不合格,男性
勉強した,不合格,男性
勉強した,不合格,男性
勉強しなかった,合格,女性
勉強した,合格,男性
勉強しなかった,合格,女性
勉強した,不合格,男性
勉強した,不合格,男性
勉強した,合格,女性
勉強した,合格,男性
勉強しなかった,合格,男性
勉強した,不合格,男性
勉強した,不合格,男性
勉強しなかった,合格,女性
勉強した,不合格,男性
勉強しなかった,合格,女性
勉強した,不合格,男性
勉強した,不合格,男性
勉強した,合格,男性
勉強した,合格,男性
勉強した,不合格,男性
勉強しなかった,合格,女性
勉強した,合格,男性
勉強した,不合格,男性
勉強した,不合格,男性
勉強した,合格,男性
勉強した,合格,男性
勉強した,不合格,男性
勉強した,不合格,男性
勉強した,不合格,男性
勉強しなかった,不合格,女性
勉強した,合格,男性
勉強した,不合格,男性
勉強した,不合格,男性
勉強した,不合格,男性
勉強した,合格,男性
勉強した,不合格,男性
勉強した,不合格,男性
勉強しなかった,合格,女性
勉強した,不合格,男性
勉強した,不合格,男性
勉強しなかった,不合格,女性
勉強した,合格,男性
勉強した,合格,男性
勉強した,不合格,男性
勉強した,不合格,男性
勉強した,不合格,男性
勉強しなかった,不合格,女性
勉強した,不合格,男性
勉強しなかった,不合格,女性
勉強しなかった,合格,女性
勉強した,合格,男性
勉強した,合格,男性
勉強した,合格,男性
勉強した,合格,男性
勉強した,合格,男性
勉強した,合格,男性
勉強した,不合格,男性
勉強しなかった,合格,女性
勉強した,合格,女性
勉強した,不合格,男性
勉強した,不合格,男性
勉強した,不合格,男性
勉強した,不合格,男性
勉強した,不合格,男性
勉強した,不合格,男性
勉強した,不合格,男性

